ID,CDSCode,tooltip,legend,source,links
0,1.61176E+12,No independent mandates,No independent mandates,Representative from school district office,
1,1.612E+12,No independent mandates,No independent mandates,Representative from school district office,
2,1.61242E+12,No independent mandates,No independent mandates,Representative from school district office,
3,1.75093E+12, Other partial mandates,Some independent policies or mandates,Representative from school district office,
4,7.61705E+12,No independent mandates,No independent mandates,Representative from school district office,
5,9.61945E+12,No independent mandates,No independent mandates,Representative from school district office,
6,1.06217E+13,No independent mandates,No independent mandates,Representative from school district office,
7,1.06236E+13,No independent mandates,No independent mandates,Representative from school district office,
8,,No independent mandates,No independent mandates,Representative from school district office,
9,1.27537E+13,No independent mandates,No independent mandates,Representative from school district office,
10,1.2768E+13,No independent mandates,No independent mandates,Representative from school district office,
11,1.36311E+13,No independent mandates,No independent mandates,Representative from school district office,
12,1.36312E+13,No independent mandates,No independent mandates,Representative from school district office,
13,1.56384E+13,No independent mandates,No independent mandates,Representative from school district office,
14,1.66398E+13,No independent mandates,No independent mandates,Representative from school district office,
15,1.76403E+13,No independent mandates,No independent mandates,Representative from school district office,
16,1.76405E+13,No independent mandates,No independent mandates,Representative from school district office,
17,1.86416E+13,No independent mandates,No independent mandates,Representative from school district office,
18,1.8642E+13,No independent mandates,No independent mandates,Representative from school district office,
19,1.9643E+13,No independent mandates,No independent mandates,Representative from school district office,
20,1.96431E+13,No independent mandates,No independent mandates,Representative from school district office,
21,1.96435E+13,No independent mandates,No independent mandates,Representative from school district office,
22,1.96449E+13,No independent mandates,No independent mandates,Representative from school district office,
23,1.96457E+13, Indepedent staff mandate without testing option,Some independent policies or mandates,Representative from school district office,
24,1.96513E+13,No independent mandates,No independent mandates,Representative from school district office,
25,1.97533E+13,No independent mandates,No independent mandates,Representative from school district office,
26,,No independent mandates,No independent mandates,Representative from school district office,
27,2.36557E+13,No independent mandates,No independent mandates,Representative from school district office,
28,2.36557E+13," Independent student mandate,  Indepedent staff mandate without testing option",Some independent policies or mandates,Representative from school district office,
29,2.47537E+13,No independent mandates,No independent mandates,Representative from school district office,
30,2.86629E+13,No independent mandates,No independent mandates,Representative from school district office,
31,3.06646E+13,No independent mandates,No independent mandates,Representative from school district office,
32,3.06647E+13,No independent mandates,No independent mandates,Representative from school district office,
33,3.06661E+13,No independent mandates,No independent mandates,Representative from school district office,
34,3.07365E+13,No independent mandates,No independent mandates,Representative from school district office,
35,3.1668E+13,No independent mandates,No independent mandates,Representative from school district office,
36,3.16691E+13,No independent mandates,No independent mandates,Representative from school district office,
37,3.16693E+13,No independent mandates,No independent mandates,Representative from school district office,
38,3.16695E+13,No independent mandates,No independent mandates,Representative from school district office,
39,3.36703E+13,No independent mandates,No independent mandates,Representative from school district office,
40,3.36716E+13,No independent mandates,No independent mandates,Representative from school district office,
41,3.36717E+13,No independent mandates,No independent mandates,Representative from school district office,
42,3.46733E+13,No independent mandates,No independent mandates,Representative from school district office,
43,3.6677E+13,No independent mandates,No independent mandates,Representative from school district office,
44,3.66783E+13,No independent mandates,No independent mandates,Representative from school district office,
45,3.7682E+13,No independent mandates,No independent mandates,Representative from school district office,
46,3.76821E+13,No independent mandates,No independent mandates,Representative from school district office,
47,3.7683E+13,No independent mandates,No independent mandates,Representative from school district office,
48,3.76834E+13," Independent student mandate,  Indepedent staff mandate without testing option",Some independent policies or mandates,Representative from school district office,
49,3.76835E+13,No independent mandates,No independent mandates,Representative from school district office,
50,3.76836E+13,No independent mandates,No independent mandates,Representative from school district office,
51,3.7684E+13,No independent mandates,No independent mandates,Representative from school district office,
52,3.76844E+13,No independent mandates,No independent mandates,Representative from school district office,
53,3.77542E+13,No independent mandates,No independent mandates,Representative from school district office,
54,,No independent mandates,No independent mandates,Representative from school district office,
55,4.16887E+13,No independent mandates,No independent mandates,Representative from school district office,
56,4.16889E+13,No independent mandates,No independent mandates,Representative from school district office,
57,4.16897E+13,No independent mandates,No independent mandates,Representative from school district office,
58,4.169E+13,No independent mandates,No independent mandates,Representative from school district office,
59,4.26912E+13,No independent mandates,No independent mandates,Representative from school district office,
60,4.26921E+13,No independent mandates,No independent mandates,Representative from school district office,
61,4.26926E+13,No independent mandates,No independent mandates,Representative from school district office,
62,4.27501E+13,No independent mandates,No independent mandates,Representative from school district office,
63,4.36939E+13, Indepedent staff mandate without testing option,Some independent policies or mandates,Representative from school district office,
64,4.3695E+13,No independent mandates,No independent mandates,Representative from school district office,
65,4.36964E+13,No independent mandates,No independent mandates,Representative from school district office,
66,4.36967E+13,No independent mandates,No independent mandates,Representative from school district office,
67,4.36969E+13,No independent mandates,No independent mandates,Representative from school district office,
68,,No independent mandates,No independent mandates,Representative from school district office,
69,4.46978E+13," Indepedent staff mandate without testing option, Only hire/promote vaccinated staff",Some independent policies or mandates,Representative from school district office,
70,4.46982E+13,No independent mandates,No independent mandates,Representative from school district office,
71,4.56999E+13,No independent mandates,No independent mandates,Representative from school district office,
72,4.57005E+13,No independent mandates,No independent mandates,Representative from school district office,
73,4.77052E+13,No independent mandates,No independent mandates,Representative from school district office,
74,4.87054E+13,No independent mandates,No independent mandates,Representative from school district office,
75,4.87057E+13,No independent mandates,No independent mandates,Representative from school district office,
76,4.97076E+13,No independent mandates,No independent mandates,Representative from school district office,
77,4.97079E+13,No independent mandates,No independent mandates,Representative from school district office,
78,4.97388E+13,No independent mandates,No independent mandates,Representative from school district office,
79,4.97536E+13,No independent mandates,No independent mandates,Representative from school district office,
80,5.07113E+13,No independent mandates,No independent mandates,Representative from school district office,
81,5.07557E+13,No independent mandates,No independent mandates,Representative from school district office,
82,5.27156E+13,No independent mandates,No independent mandates,Representative from school district office,
83,5.37383E+13,No independent mandates,No independent mandates,Representative from school district office,
84,5.47194E+13,No independent mandates,No independent mandates,Representative from school district office,
85,5.77271E+13,No independent mandates,No independent mandates,Representative from school district office,
86,1.26306E+13,No independent mandates,No independent mandates,Representative from school district office,
87,1.96469E+13,No independent mandates,No independent mandates,Representative from school district office,
88,5.07574E+13,No independent mandates,No independent mandates,Representative from school district office,
89,1.96493E+13,No independent mandates,No independent mandates,Representative from school district office,
90,3.73981E+12,No independent mandates,No independent mandates,Representative from school district office,
91,1.96483E+13,No independent mandates,No independent mandates,Representative from school district office,
92,1.6115E+12,No independent mandates,No independent mandates,Representative from school district office,
93,1.56355E+13,No independent mandates,No independent mandates,Representative from school district office,
94,4.36958E+13,No independent mandates,No independent mandates,Representative from school district office,
95,7.61804E+12,No independent mandates,No independent mandates,Representative from school district office,
96,1.96421E+13," Indepedent staff mandate without testing option,  Independent student mandate",Some independent policies or mandates,Representative from school district office,
97,4.56997E+13,No independent mandates,No independent mandates,Representative from school district office,
98,9.61978E+12,No independent mandates,No independent mandates,Representative from school district office,
99,, Only hire/promote vaccinated staff,Some independent policies or mandates,Representative from school district office,
100,4.36962E+13,No independent mandates,No independent mandates,Representative from school district office,
101,4.37339E+13,No independent mandates,No independent mandates,Representative from school district office,
102,4.26925E+13,No independent mandates,No independent mandates,Representative from school district office,
103,3.76799E+13,No independent mandates,No independent mandates,Representative from school district office,
104,3.76845E+13,No independent mandates,No independent mandates,Representative from school district office,
105,5.07107E+13,No independent mandates,No independent mandates,Representative from school district office,
106,3.67389E+13,No independent mandates,No independent mandates,Representative from school district office,
107,4.4698E+13,No independent mandates,No independent mandates,Representative from school district office,
108,1.07513E+13,No independent mandates,No independent mandates,Representative from school district office,
109,2.16543E+13,No independent mandates,No independent mandates,Representative from school district office,
110,1.4633E+13,No independent mandates,No independent mandates,Representative from school district office,
111,2.16537E+13, Other partial mandates,Some independent policies or mandates,Representative from school district office,
112,4.57014E+13,No independent mandates,No independent mandates,Representative from school district office,
113,2.76596E+13,No independent mandates,No independent mandates,Representative from school district office,
114,3.66789E+13,No independent mandates,No independent mandates,Representative from school district office,
115,1.96439E+13,No independent mandates,No independent mandates,Representative from school district office,
116,2.16532E+13,No independent mandates,No independent mandates,Representative from school district office,
117,4.9707E+13,No independent mandates,No independent mandates,Representative from school district office,
118,5.47197E+13,No independent mandates,No independent mandates,Representative from school district office,
119,5.67256E+13,No independent mandates,No independent mandates,Representative from school district office,
120,4.3694E+13,No independent mandates,No independent mandates,Representative from school district office,
121,4.07546E+13,No independent mandates,No independent mandates,Representative from school district office,
122,4.57E+13,No independent mandates,No independent mandates,Representative from school district office,
123,4.36953E+13,No independent mandates,No independent mandates,Representative from school district office,
124,3.66764E+13,No independent mandates,No independent mandates,Representative from school district office,
125,4.61515E+12,No independent mandates,No independent mandates,Representative from school district office,
126,4.36947E+13,No independent mandates,No independent mandates,Representative from school district office,
127,,No independent mandates,No independent mandates,Representative from school district office,
128,4.46982E+13,No independent mandates,No independent mandates,Representative from school district office,
129,4.16901E+13,No independent mandates,No independent mandates,Representative from school district office,
130,1.26302E+13,No independent mandates,No independent mandates,Representative from school district office,
131,4.36937E+13,No independent mandates,No independent mandates,Representative from school district office,
132,1.61259E+12, Independent student mandate,Some independent policies or mandates,Representative from school district office,
133,3.56749E+13, Indepedent staff mandate without testing option,Some independent policies or mandates,Representative from school district office,
134,3.96858E+13,No independent mandates,No independent mandates,Representative from school district office,
135,7.6163E+12," Only hire/promote vaccinated staff,  Indepedent staff mandate without testing option",Some independent policies or mandates,Representative from school district office,
136,7.61796E+12," Indepedent staff mandate without testing option,  Independent student mandate",Some independent policies or mandates,Representative from school district office,
137,3.46741E+13,No independent mandates,No independent mandates,Representative from school district office,
138,1.56331E+13,No independent mandates,No independent mandates,Representative from school district office,
139,4.16901E+13,No independent mandates,No independent mandates,Representative from school district office,
140,3.76801E+13,No independent mandates,No independent mandates,Representative from school district office,
141,1.06243E+13,No independent mandates,No independent mandates,Representative from school district office,
142,5.1714E+13,No independent mandates,No independent mandates,Representative from school district office,
143,9.61929E+12,No independent mandates,No independent mandates,Representative from school district office,
144,5.17142E+13, Only hire/promote vaccinated staff,Some independent policies or mandates,Representative from school district office,
145,6.61622E+12, Other partial mandates,Some independent policies or mandates,Representative from school district office,
146,4.77043E+13,No independent mandates,No independent mandates,Representative from school district office,
147,2.07641E+13,No independent mandates,No independent mandates,Representative from school district office,
148,5.5724E+13,No independent mandates,No independent mandates,Representative from school district office,
149,2.47373E+13,No independent mandates,No independent mandates,Representative from school district office,
150,3.16684E+13,Declined to comment,Declined to comment,Representative from school district office,
151,4.46973E+13,No independent mandates,No independent mandates,Representative from school district office,
152,1.96454E+13,No independent mandates,No independent mandates,Representative from school district office,
153,,No independent mandates,No independent mandates,Representative from school district office,
154,4.26934E+13,No independent mandates,No independent mandates,Representative from school district office,
155,1.66393E+13,Declined to comment,Declined to comment,Representative from school district office,
156,5.17146E+13,No independent mandates,No independent mandates,Representative from school district office,
157,4.16905E+13,No independent mandates,No independent mandates,Representative from school district office,
158,4.16907E+13,No independent mandates,No independent mandates,Representative from school district office,
159,4.97081E+13,No independent mandates,No independent mandates,Representative from school district office,
160,2.16548E+13,No independent mandates,No independent mandates,Representative from school district office,
161,1.56386E+13,No independent mandates,No independent mandates,Representative from school district office,
162,2.37392E+13,No independent mandates,No independent mandates,Representative from school district office,
163,3.76821E+13,No independent mandates,No independent mandates,Representative from school district office,
164,8.6182E+12,No independent mandates,No independent mandates,Representative from school district office,
165,9.61838E+12,No independent mandates,No independent mandates,Representative from school district office,
166,, Only hire/promote vaccinated staff,Some independent policies or mandates,Representative from school district office,
167,4.97086E+13, Only hire/promote vaccinated staff,Some independent policies or mandates,Representative from school district office,
168,4.97085E+13, Only hire/promote vaccinated staff,Some independent policies or mandates,Representative from school district office,
169,4.06883E+13,No independent mandates,No independent mandates,Representative from school district office,
170,4.16891E+13,No independent mandates,No independent mandates,Representative from school district office,
171,2.175E+13,No independent mandates,No independent mandates,Representative from school district office,
172,1.06241E+13,No independent mandates,No independent mandates,Representative from school district office,
173,7.61713E+12,No independent mandates,No independent mandates,Representative from school district office,
174,1.61291E+12,No independent mandates,No independent mandates,Representative from school district office,
175,1.16265E+13,No independent mandates,No independent mandates,Representative from school district office,
176,2.16547E+13,No independent mandates,No independent mandates,Representative from school district office,
177,9.61952E+12,No independent mandates,No independent mandates,Representative from school district office,
178,4.61531E+12,No independent mandates,No independent mandates,Representative from school district office,
179,1.96444E+13,No independent mandates,No independent mandates,Representative from school district office,
180,3.06642E+13,No independent mandates,No independent mandates,Representative from school district office,
181,1.56361E+13,No independent mandates,No independent mandates,Representative from school district office,
182,3.66787E+13,No independent mandates,No independent mandates,Representative from school district office,
183,1.26275E+13,No independent mandates,No independent mandates,Representative from school district office,
184,5.67258E+13,No independent mandates,No independent mandates,Representative from school district office,
185,2.86628E+13,No independent mandates,No independent mandates,Representative from school district office,
186,2.76619E+13,No independent mandates,No independent mandates,Representative from school district office,
187,5.47208E+13,No independent mandates,No independent mandates,Representative from school district office,
188,1.56337E+13,No independent mandates,No independent mandates,Representative from school district office,
189,1.26297E+13,Declined to comment,Declined to comment,Representative from school district office,
190,1.1626E+13,No independent mandates,No independent mandates,Representative from school district office,
191,4.97062E+13,No independent mandates,No independent mandates,Representative from school district office,
192,3.77357E+13,No independent mandates,No independent mandates,Representative from school district office,
193,2.16546E+13,No independent mandates,No independent mandates,Representative from school district office,
194,2.16547E+13,No independent mandates,No independent mandates,Representative from school district office,
195,4.9708E+13,No independent mandates,No independent mandates,Representative from school district office,
196,1.96504E+13,No independent mandates,No independent mandates,Representative from school district office,
197,5.47201E+13,No independent mandates,No independent mandates,Representative from school district office,
198,1.56375E+13,No independent mandates,No independent mandates,Representative from school district office,
199,3.7683E+13,No independent mandates,No independent mandates,Representative from school district office,
200,1.61143E+12, Independent student mandate,Some independent policies or mandates,Representative from school district office,
201,4.16896E+13,No independent mandates,No independent mandates,Representative from school district office,
202,1.66394E+13,No independent mandates,No independent mandates,Representative from school district office,
203,1.36307E+13,No independent mandates,No independent mandates,Representative from school district office,
204,4.97082E+13,No independent mandates,No independent mandates,Representative from school district office,
205,3.1668E+13,No independent mandates,No independent mandates,Representative from school district office,
206,3.76839E+13,No independent mandates,No independent mandates,Representative from school district office,
207,3.76816E+13,No independent mandates,No independent mandates,Representative from school district office,
208,2.67369E+13," Only hire/promote vaccinated staff,  Indepedent staff mandate without testing option",Some independent policies or mandates,Representative from school district office,
209,2.46579E+13,No independent mandates,No independent mandates,Representative from school district office,
210,3.76811E+13,No independent mandates,No independent mandates,Representative from school district office,
211,1.61127E+12, Considering mandates, Considering mandates,Representative from school district office,
212,2.76598E+13,No independent mandates,No independent mandates,Representative from school district office,
213,3.36706E+13,No independent mandates,No independent mandates,Representative from school district office,
214,2.46573E+13,No independent mandates,No independent mandates,Representative from school district office,
215,1.06213E+13,No independent mandates,No independent mandates,Representative from school district office,
216,1.57354E+13,No independent mandates,No independent mandates,Representative from school district office,
217,4.36952E+13,No independent mandates,No independent mandates,Representative from school district office,
218,3.77355E+13,No independent mandates,No independent mandates,Representative from school district office,
219,4.77036E+13,No independent mandates,No independent mandates,Representative from school district office,
220,1.26304E+13,No independent mandates,No independent mandates,Representative from school district office,
221,3.96854E+13,No independent mandates,No independent mandates,Representative from school district office,
222,4.16892E+13,No independent mandates,No independent mandates,Representative from school district office,
223,5.57236E+13,No independent mandates,No independent mandates,Representative from school district office,
224,5.0711E+13,No independent mandates,No independent mandates,Representative from school district office,
225,1.16266E+13,No independent mandates,No independent mandates,Representative from school district office,
226,1.96514E+13,No independent mandates,No independent mandates,Representative from school district office,
227,4.97062E+13,No independent mandates,No independent mandates,Representative from school district office,
228,3.67386E+13,No independent mandates,No independent mandates,Representative from school district office,
229,,No independent mandates,No independent mandates,Representative from school district office,
230,4.9709E+13,No independent mandates,No independent mandates,Representative from school district office,
231,3.16689E+13,Declined to comment,Declined to comment,Representative from school district office,
232,5.67265E+13,No independent mandates,No independent mandates,Representative from school district office,
233,4.2692E+13, Only hire/promote vaccinated staff,Some independent policies or mandates,Representative from school district office,
234,,No independent mandates,No independent mandates,Representative from school district office,
235,2.36556E+13,No independent mandates,No independent mandates,Representative from school district office,
236,1.26268E+13,No independent mandates,No independent mandates,Representative from school district office,
237,1.67393E+13, Considering mandates, Considering mandates,Representative from school district office,
238,5.67255E+13,No independent mandates,No independent mandates,Representative from school district office,
239,1.61275E+12," Indepedent staff mandate without testing option,  Independent student mandate",Some independent policies or mandates,Representative from school district office,
240,7.61655E+12,No independent mandates,No independent mandates,Representative from school district office,
241,2.76623E+13,No independent mandates,No independent mandates,Representative from school district office,
242,2.1653E+13, Only hire/promote vaccinated staff,Some independent policies or mandates,Representative from school district office,
243,2.16536E+13, Only hire/promote vaccinated staff,Some independent policies or mandates,Representative from school district office,
244,1.96466E+13,No independent mandates,No independent mandates,Representative from school district office,
245,4.97071E+13,No independent mandates,No independent mandates,Representative from school district office,
246,3.06656E+13, Indepedent staff mandate without testing option,Some independent policies or mandates,Representative from school district office,
247,3.6676E+13,No independent mandates,No independent mandates,Representative from school district office,
248,3.16679E+13,No independent mandates,No independent mandates,Representative from school district office,
249,4.26931E+13,Declined to comment,Declined to comment,Representative from school district office,
250,7.61812E+12,No independent mandates,No independent mandates,Representative from school district office,
251,7.61762E+12,No independent mandates,No independent mandates,Representative from school district office,
252,3.06648E+13,No independent mandates,No independent mandates,Representative from school district office,
253,2.16539E+13,No independent mandates,No independent mandates,Representative from school district office,
254,5.4722E+13, Indepedent staff mandate without testing option,Some independent policies or mandates,Representative from school district office,
255,1.96496E+13,No independent mandates,No independent mandates,Representative from school district office,
256,3.36723E+13,No independent mandates,No independent mandates,Representative from school district office,
257,2.97688E+13,No independent mandates,No independent mandates,Representative from school district office,
258,4.36967E+13,No independent mandates,No independent mandates,Representative from school district office,
259,1.97571E+13, Only hire/promote vaccinated staff,Some independent policies or mandates,Representative from school district office,
260,4.26911E+13,No independent mandates,No independent mandates,Representative from school district office,
261,1.56342E+13,No independent mandates,No independent mandates,Representative from school district office,
262,4.97071E+13,No independent mandates,No independent mandates,Representative from school district office,
263,2.47362E+13,No independent mandates,No independent mandates,Representative from school district office,
264,5.57235E+13,No independent mandates,No independent mandates,Representative from school district office,
265,1.96458E+13,No independent mandates,No independent mandates,Representative from school district office,
266,2.76614E+13,No independent mandates,No independent mandates,Representative from school district office,
267,4.16902E+13,No independent mandates,No independent mandates,Representative from school district office,
268,2.36554E+13,No independent mandates,No independent mandates,Representative from school district office,
269,3.76831E+13,No independent mandates,No independent mandates,Representative from school district office,
270,1.9643E+13,No independent mandates,No independent mandates,Representative from school district office,
271,3.46731E+13,No independent mandates,No independent mandates,Representative from school district office,
272,4.26934E+13,No independent mandates,No independent mandates,Representative from school district office,
273,4.97066E+13,No independent mandates,No independent mandates,Representative from school district office,
274,5.17142E+13,No independent mandates,No independent mandates,Representative from school district office,
275,4.87052E+13,No independent mandates,No independent mandates,Representative from school district office,
276,3.76819E+13,No independent mandates,No independent mandates,Representative from school district office,
277,7.61754E+12,No independent mandates,No independent mandates,Representative from school district office,
278,4.2692E+13,No independent mandates,No independent mandates,Representative from school district office,
279,1.07397E+13,No independent mandates,No independent mandates,Representative from school district office,
280,4.97095E+13,No independent mandates,No independent mandates,Representative from school district office,
281,7.61721E+12,No independent mandates,No independent mandates,Representative from school district office,
282,1.96434E+13,Declined to comment,Declined to comment,Representative from school district office,
283,1.96444E+13," Indepedent staff mandate without testing option,  Independent student mandate",Some independent policies or mandates,Representative from school district office,
284,1.96473E+13," Indepedent staff mandate without testing option,  Independent student mandate",Some independent policies or mandates,Representative from school district office,
285,1.26283E+13,No independent mandates,No independent mandates,Representative from school district office,
286,4.26923E+13,No independent mandates,No independent mandates,Representative from school district office,
287,3.66796E+13,No independent mandates,No independent mandates,Representative from school district office,
288,7.61663E+12,No independent mandates,No independent mandates,Representative from school district office,
289,1.96428E+13,No independent mandates,No independent mandates,Representative from school district office,
290,5.67252E+13,Declined to comment,Declined to comment,Representative from school district office,
291,4.77051E+13,No independent mandates,No independent mandates,Representative from school district office,
292,4.9709E+13,No independent mandates,No independent mandates,Representative from school district office,
293,7.61788E+12,No independent mandates,No independent mandates,Representative from school district office,
294,4.36942E+13,No independent mandates,No independent mandates,Representative from school district office,
295,1.96515E+13,No independent mandates,No independent mandates,Representative from school district office,
296,4.97102E+13,No independent mandates,No independent mandates,Representative from school district office,
297,1.9651E+13,No independent mandates,No independent mandates,Representative from school district office,
298,1.96498E+13," Indepedent staff mandate without testing option,  Only hire/promote vaccinated staff,  Considering mandates",Some independent policies or mandates,Representative from school district office,
299,,No independent mandates,No independent mandates,Representative from school district office,
300,4.97091E+13,No independent mandates,No independent mandates,Representative from school district office,
301,4.97092E+13,No independent mandates,No independent mandates,Representative from school district office,
302,9.61846E+12, Only hire/promote vaccinated staff,Some independent policies or mandates,Representative from school district office,
303,3.77561E+13,No independent mandates,No independent mandates,Representative from school district office,
304,1.96463E+13,No independent mandates,No independent mandates,Representative from school district office,
305,5.07128E+13,No independent mandates,No independent mandates,Representative from school district office,
306,2.16543E+13,No independent mandates,No independent mandates,Representative from school district office,
307,4.97098E+13,No independent mandates,No independent mandates,Representative from school district office,
308,1.96506E+13,No independent mandates,No independent mandates,Representative from school district office,
309,4.97096E+13,No independent mandates,No independent mandates,Representative from school district office,
310,3.36704E+13,No independent mandates,No independent mandates,Representative from school district office,
311,3.76841E+13,No independent mandates,No independent mandates,Representative from school district office,
312,1.75119E+12,No independent mandates,No independent mandates,Representative from school district office,
313,3.46744E+13," Indepedent staff mandate without testing option,  Independent student mandate,  Only hire/promote vaccinated staff",Some independent policies or mandates,School district website,"https://www.scusd.edu/press-release/covid-19-vaccination-requirement-students-and-staff-approved-sacramento-city-unified, https://www.scusd.edu/sites/main/files/file-attachments/draft_resolution_re_12_vaccine_1_rev_0.pdf "
314,3.86848E+13,No independent mandates,No independent mandates,School district website,https://www.sfusd.edu/covid-19-response-updates-and-resources/covid-19-vaccine-resources/covid-19-science-and-vaccination-frequently-asked-questions
315,3.46732E+13,No independent mandates,No independent mandates,Representative from school district office,
316,4.971E+13,No independent mandates,No independent mandates,Representative from school district office,
317,4.97094E+13,No independent mandates,No independent mandates,Representative from school district office,
318,4.9706E+13,No independent mandates,No independent mandates,Representative from school district office,
319,4.97073E+13,No independent mandates,No independent mandates,School district website,https://www.harmonyusd.org/cms/lib/CA50000761/Centricity/Domain/48/Harmony%20USD%20COVID%20Safety%20Plan%202021-2022%202021-10-21.pdf
320,4.36949E+13,No independent mandates,No independent mandates,Representative from school district office,
321,1.97345E+13,No independent mandates,No independent mandates,Representative from school district office,
322,1.61119E+12, Considering mandates, Considering mandates,School district website,https://alamedausd-ca.schoolloop.com/file/1514016404836/1376459767278/5200668343179317377.pdf
323,3.76835E+13,No independent mandates,No independent mandates,Representative from school district office,
324,4.36954E+13,No independent mandates,No independent mandates,Representative from school district office,
325,3.76808E+13,No independent mandates,No independent mandates,Representative from school district office,
326,5.27155E+13,No independent mandates,No independent mandates,Representative from school district office,
327,1.96453E+13,No independent mandates,No independent mandates,Representative from school district office,
328,1.61168E+12,No independent mandates,No independent mandates,Representative from school district office,
329,3.76812E+13,Declined to comment,Declined to comment,Representative from school district office,
330,1.96455E+13,No independent mandates,No independent mandates,Representative from school district office,
331,3.76811E+13,No independent mandates,No independent mandates,Representative from school district office,
332,3.76813E+13,No independent mandates,No independent mandates,Representative from school district office,
333,3.67505E+13,No independent mandates,No independent mandates,School district website,https://www.lucernevalleyusd.org/apps/news/article/1512410
334,2.16533E+13,No independent mandates,No independent mandates,Representative from school district office,
335,1.96484E+13,No independent mandates,No independent mandates,News article citing school district representative,https://www.thedowneypatriot.com/articles/norwalk-la-mirada-school-district-votes-against-faculty-covid-19-vaccine-mandate 
336,4.27679E+13, Indepedent staff mandate without testing option,Some independent policies or mandates,School district website,"https://www.sbunified.org/newsroom/featured-news-article/~board/pio-announcements/post/santa-barbara-unified-school-board-votes-to-require-all-employees-to-be-vaccinated-against-covid-without-option-for-testing, https://www.sbunified.org/support/covid-19-resources "
337,4.36943E+13,No independent mandates,No independent mandates,Representative from school district office,
338,2.77544E+13,No independent mandates,No independent mandates,Representative from school district office,
339,5.67261E+13,No independent mandates,No independent mandates,Representative from school district office,
340,1.96473E+13, Independent student mandate,Some independent policies or mandates,School district website,https://www.longbeach.gov/mayor/news/education-vaccines-2021/
341,3.66788E+13,No independent mandates,No independent mandates,School district website,https://www.sbcusd.com/news/what_s_new/e_news___notes_-_october_1__2021
342,3.46745E+13,No independent mandates,No independent mandates,School district website,https://www.sanjuan.edu/cms/lib/CA01902727/Centricity/Domain/148/SPAC%20Highlights%209_30_21.pdf
343,4.16886E+13,No independent mandates,No independent mandates,Representative from school district office,
344,7.61747E+12,No independent mandates,No independent mandates,Representative from school district office,
345,1.56332E+13,No independent mandates,No independent mandates,Representative from school district office,
346,1.96464E+13,No independent mandates,No independent mandates,Representative from school district office,
347,5.57241E+13,No independent mandates,No independent mandates,Representative from school district office,
348,1.61192E+12, Independent student mandate,Some independent policies or mandates,School district website,"https://www.husd.us/vaccine#:~:text=The%20HUSD%20School%20Board%20approved,and%20keep%20students%20in%20class."
349,1.16255E+13,No independent mandates,No independent mandates,School district website,https://www.capayschool.org/o/cjuesd/article/562064 
350,5.77268E+13, Other partial mandates,Some independent policies or mandates,School district website,"https://www.djusd.net/schools/enrollment/step_3__additional_enrollment_information, https://www.cdph.ca.gov/Programs/CID/DCDC/Pages/COVID-19/schools-faq.aspx "
351,1.5634E+13, Indepedent staff mandate without testing option,Some independent policies or mandates,School district website,https://www.duesd.org/Page/831
352,5.37175E+13,No independent mandates,No independent mandates,School district website,http://lewistonesd.com/images/COVID-19/TCOE_Schools_Reopening_Plan_21-22.pdf
353,3.16685E+13,No independent mandates,No independent mandates,School district website,https://4.files.edl.io/5202/09/24/21/205831-d23b982e-e9c6-4f8f-8be9-720b7eec0d5c.pdf
354,4.46981E+13,No independent mandates,No independent mandates,School district website,https://4.files.edl.io/1f39/10/18/21/190550-3101e946-5d24-45a4-acd2-04533f778cac.pdf
355,3.67508E+13,No independent mandates,No independent mandates,Social media post citing official school district statements,https://twitter.com/chriscfore/status/1451991855135006720/photo/1
356,3.06653E+13,No independent mandates,No independent mandates,School district website,https://www.hbcsd.k12.ca.us/pf4/cms2/view_page?d=x&group_id=1629527238448&vdid=oi131c2vy6td7u
357,3.67504E+13,No independent mandates,No independent mandates,School district website,https://docs.google.com/document/d/1qYKB8sWyG6jgIz2tXgyJQSHPk1sHbWgdx6Oif-rMnLE/edit
358,3.37519E+13,No independent mandates,No independent mandates,School district website,https://www.tvusd.k12.ca.us/Page/28650
359,3.47528E+13,No independent mandates,No independent mandates,School district website,https://natomasunified.org/covid-19-general-information/california-school-covid-vaccine-mandate-qa/
360,1.07528E+13,No independent mandates,No independent mandates,School district website,https://sierrausd.org/district-board/
361,1.96488E+13, Independent student mandate,Some independent policies or mandates,School district website,"https://pusd.granicus.com/MediaPlayer.php?view_id=15&clip_id=776&meta_id=125123, https://www.pusd.us/Page/9504"
362,3.36698E+13,No independent mandates,No independent mandates,School district website,https://www.alvordschools.org/Page/13486
363,3.06652E+13,No independent mandates,No independent mandates,School district website,https://ggusd.us/communication/coronavirus-updates/vaccine-requirement
364,3.06651E+13,No independent mandates,No independent mandates,School district website,"https://www.fjuhsd.org/cms/lib/CA02000098/Centricity/Domain/1472/9-3-21%20FJUHSD%20Communication.pdf, https://drive.google.com/file/d/1KFvoi299IaWAO9-9QMpnADa8UyCow7VY/view"
365,5.87277E+13,No independent mandates,No independent mandates,School district website,https://www.wheatlandhigh.org/Announcements/index.html
366,1.06212E+13,No independent mandates,No independent mandates,School district website,"https://www.cusd.com/protected/ArticleView.aspx?iid=5GIP00&dasi=1Y, https://www.cusd.com/2021-22FAQs.aspx"
367,1.56353E+13,No independent mandates,No independent mandates,School district website,https://www.kernhigh.org/apps/pages/covid-information
368,3.96868E+13,No independent mandates,No independent mandates,School district website,"https://www.stocktonusd.net/cms/lib/CA01902791/Centricity/ModuleInstance/19869/2021-10-01%20COVID-19%20Vaccination%20Mandate%20for%20Students%20Ages%2012%20to%2017.pdf, https://www.stocktonusd.net/site/default.aspx?PageType=3&DomainID=4&ModuleInstanceID=19869&ViewID=6446EE88-D30C-497E-9316-3F8874B3E108&RenderLoc=0&FlexDataID=32114&PageID=1"
369,3.36722E+13,No independent mandates,No independent mandates,School district website,https://www.riversideunified.org/cms/one.aspx?portalId=580805&pageId=16611740
370,3.66771E+13,No independent mandates,No independent mandates,School district website,https://www.fusd.net/domain/3280
371,3.47651E+13,No independent mandates,No independent mandates,School district website,https://www.twinriversusd.org/documents/Coronavirus/Friday-Update-10.15.2021-English.pdf
372,3.36712E+13,No independent mandates,No independent mandates,School district website,https://4.files.edl.io/4abe/10/18/21/183343-ac2647ad-5402-4a06-b10b-d8a5799600f8.pdf
373,3.96859E+13,No independent mandates,No independent mandates,School district website,https://www.lodiusd.net/district/departments/business-services/maintenance-and-operations/safety-with-covid-information
374,1.96452E+13," Indepedent staff mandate without testing option,  Independent student mandate,  Other partial mandates",Some independent policies or mandates,Representative from school district office,
375,3.76802E+13,No independent mandates,No independent mandates,School district website,"https://www.cvesd.org/district/superintendent/messages-from-the-superintendent, https://covid-19.sdcoe.net/Quick-Links-for-Schools/FAQ-Vaccine-Verification-for-Workers-in-Schools"
376,3.06667E+13,No independent mandates,No independent mandates,Representative from school district office,
377,1.07381E+13,No independent mandates,No independent mandates,Representative from school district office,
378,3.06643E+13,No independent mandates,No independent mandates,School district website,https://www.auhsd.us/files/user/1/file/District%20COVID%20Update-9-2-21.pdf
379,5.47222E+13,No independent mandates,No independent mandates,Representative from school district office,
380,5.47226E+13,No independent mandates,No independent mandates,Representative from school district office,
381,4.16887E+13,No independent mandates,No independent mandates,Representative from school district office,
382,3.77379E+13,No independent mandates,No independent mandates,Representative from school district office,
383,2.96641E+13,No independent mandates,No independent mandates,Representative from school district office,
384,1.96458E+13,No independent mandates,No independent mandates,Representative from school district office,Good for interview
385,4.36968E+13,No independent mandates,No independent mandates,Representative from school district office,
386,3.66768E+13,No independent mandates,No independent mandates,School district website,https://www.chino.k12.ca.us/Page/26942
387,1.96479E+13,No independent mandates,No independent mandates,Representative from school district office,
388,3.06662E+13,No independent mandates,No independent mandates,School district website,https://www.smore.com/q2t31
389,3.07364E+13,No independent mandates,No independent mandates,School district website,https://www.svpta.org/
390,4.87058E+13,No independent mandates,No independent mandates,News article citing school district representative,https://www.timesheraldonline.com/2021/10/06/vallejo-city-unified-school-district-plans-to-follow-vaccine-mandate-for-students-staff/
391,1.9646E+13,No independent mandates,No independent mandates,Representative from school district office,
392,1.61218E+12,Did not reply,Did not reply,Representative from school district office,
393,1.61234E+12,Did not reply,Did not reply,Representative from school district office,
394,1.61309E+12,Did not reply,Did not reply,Representative from school district office,
395,1.75101E+12,Did not reply,Did not reply,Representative from school district office,
396,2.61333E+12,Did not reply,Did not reply,Representative from school district office,
397,4.61382E+12,Did not reply,Did not reply,Representative from school district office,
398,4.61408E+12,Did not reply,Did not reply,Representative from school district office,
399,4.61424E+12,Did not reply,Did not reply,Representative from school district office,
400,4.61432E+12,Did not reply,Did not reply,Representative from school district office,
401,4.61457E+12,Did not reply,Did not reply,Representative from school district office,
402,4.61499E+12,Did not reply,Did not reply,Representative from school district office,
403,4.61507E+12,Did not reply,Did not reply,Representative from school district office,
404,4.61523E+12,Did not reply,Did not reply,Representative from school district office,
405,4.61549E+12,Did not reply,Did not reply,Representative from school district office,
406,4.73379E+12,Did not reply,Did not reply,Representative from school district office,
407,4.75507E+12,Did not reply,Did not reply,Representative from school district office,
408,5.61556E+12,Did not reply,Did not reply,Representative from school district office,
409,5.61564E+12,Did not reply,Did not reply,Representative from school district office,
410,5.61572E+12,Did not reply,Did not reply,Representative from school district office,
411,5.6158E+12,Did not reply,Did not reply,Representative from school district office,
412,6.61598E+12,Did not reply,Did not reply,Representative from school district office,
413,6.61606E+12,Did not reply,Did not reply,Representative from school district office,
414,6.61614E+12,Did not reply,Did not reply,Representative from school district office,
415,7.61648E+12,Did not reply,Did not reply,Representative from school district office,
416,7.61671E+12,Did not reply,Did not reply,Representative from school district office,
417,7.61697E+12,Did not reply,Did not reply,Representative from school district office,
418,7.61739E+12,Did not reply,Did not reply,Representative from school district office,
419,7.6177E+12,Did not reply,Did not reply,Representative from school district office,
420,9.61853E+12,Did not reply,Did not reply,Representative from school district office,
421,9.61879E+12,Did not reply,Did not reply,Representative from school district office,
422,9.61887E+12,Did not reply,Did not reply,Representative from school district office,
423,9.61895E+12,Did not reply,Did not reply,Representative from school district office,
424,9.61903E+12,Did not reply,Did not reply,Representative from school district office,
425,9.61911E+12,Did not reply,Did not reply,Representative from school district office,
426,9.6196E+12,Did not reply,Did not reply,Representative from school district office,
427,9.61986E+12,Did not reply,Did not reply,Representative from school district office,
428,9.73783E+12,Did not reply,Did not reply,Representative from school district office,
429,1.06199E+13,Did not reply,Did not reply,Representative from school district office,
430,1.06203E+13,Did not reply,Did not reply,Representative from school district office,
431,1.06204E+13,Did not reply,Did not reply,Representative from school district office,
432,1.06211E+13,Did not reply,Did not reply,Representative from school district office,
433,1.06216E+13,Did not reply,Did not reply,Representative from school district office,
434,1.06224E+13,Did not reply,Did not reply,Representative from school district office,
435,1.06226E+13,Did not reply,Did not reply,Representative from school district office,
436,1.06227E+13,Did not reply,Did not reply,Representative from school district office,
437,1.06228E+13,Did not reply,Did not reply,Representative from school district office,
438,1.06232E+13,Did not reply,Did not reply,Representative from school district office,
439,1.06233E+13,Did not reply,Did not reply,Representative from school district office,
440,1.06236E+13,Did not reply,Did not reply,Representative from school district office,
441,1.06237E+13,Did not reply,Did not reply,Representative from school district office,
442,1.06238E+13,Did not reply,Did not reply,Representative from school district office,
443,1.06251E+13,Did not reply,Did not reply,Representative from school district office,
444,1.06254E+13,Did not reply,Did not reply,Representative from school district office,
445,1.06255E+13,Did not reply,Did not reply,Representative from school district office,
446,1.074E+13,Did not reply,Did not reply,Representative from school district office,
447,1.07523E+13,Did not reply,Did not reply,Representative from school district office,
448,1.07541E+13,Did not reply,Did not reply,Representative from school district office,
449,1.0756E+13,Did not reply,Did not reply,Representative from school district office,
450,1.07678E+13,Did not reply,Did not reply,Representative from school district office,
451,1.16264E+13,Did not reply,Did not reply,Representative from school district office,
452,1.16265E+13,Did not reply,Did not reply,Representative from school district office,
453,1.17548E+13,Did not reply,Did not reply,Representative from school district office,
454,1.17656E+13,Did not reply,Did not reply,Representative from school district office,
455,1.26269E+13,Did not reply,Did not reply,Representative from school district office,
456,1.2627E+13,Did not reply,Did not reply,Representative from school district office,
457,1.2627E+13,Did not reply,Did not reply,Representative from school district office,
458,1.26273E+13,Did not reply,Did not reply,Representative from school district office,
459,1.26274E+13,Did not reply,Did not reply,Representative from school district office,
460,1.26279E+13,Did not reply,Did not reply,Representative from school district office,
461,1.26281E+13,Did not reply,Did not reply,Representative from school district office,
462,1.26284E+13,Did not reply,Did not reply,Representative from school district office,
463,1.26285E+13,Did not reply,Did not reply,Representative from school district office,
464,1.26289E+13,Did not reply,Did not reply,Representative from school district office,
465,1.26289E+13,Did not reply,Did not reply,Representative from school district office,
466,1.2629E+13,Did not reply,Did not reply,Representative from school district office,
467,1.26292E+13,Did not reply,Did not reply,Representative from school district office,
468,1.26293E+13,Did not reply,Did not reply,Representative from school district office,
469,1.26294E+13,Did not reply,Did not reply,Representative from school district office,
470,1.26295E+13,Did not reply,Did not reply,Representative from school district office,
471,1.26298E+13,Did not reply,Did not reply,Representative from school district office,
472,1.26298E+13,Did not reply,Did not reply,Representative from school district office,
473,1.26301E+13,Did not reply,Did not reply,Representative from school district office,
474,1.26303E+13,Did not reply,Did not reply,Representative from school district office,
475,1.27538E+13,Did not reply,Did not reply,Representative from school district office,
476,1.27552E+13,Did not reply,Did not reply,Representative from school district office,
477,1.36308E+13,Did not reply,Did not reply,Representative from school district office,
478,1.3631E+13,Did not reply,Did not reply,Representative from school district office,
479,1.36312E+13,Did not reply,Did not reply,Representative from school district office,
480,1.36313E+13,Did not reply,Did not reply,Representative from school district office,
481,1.36315E+13,Did not reply,Did not reply,Representative from school district office,
482,1.36316E+13,Did not reply,Did not reply,Representative from school district office,
483,1.36317E+13,Did not reply,Did not reply,Representative from school district office,
484,1.36318E+13,Did not reply,Did not reply,Representative from school district office,
485,1.3632E+13,Did not reply,Did not reply,Representative from school district office,
486,1.36321E+13,Did not reply,Did not reply,Representative from school district office,
487,1.36321E+13,Did not reply,Did not reply,Representative from school district office,
488,1.36322E+13,Did not reply,Did not reply,Representative from school district office,
489,1.36323E+13,Did not reply,Did not reply,Representative from school district office,
490,1.46325E+13,Did not reply,Did not reply,Representative from school district office,
491,1.46327E+13,Did not reply,Did not reply,Representative from school district office,
492,1.46329E+13,Did not reply,Did not reply,Representative from school district office,
493,1.46331E+13,Did not reply,Did not reply,Representative from school district office,
494,1.47669E+13,Did not reply,Did not reply,Representative from school district office,
495,1.56334E+13,Did not reply,Did not reply,Representative from school district office,
496,1.56335E+13,Did not reply,Did not reply,Representative from school district office,
497,1.56335E+13,Did not reply,Did not reply,Representative from school district office,
498,1.56336E+13,Did not reply,Did not reply,Representative from school district office,
499,1.56339E+13,Did not reply,Did not reply,Representative from school district office,
500,1.56341E+13,Did not reply,Did not reply,Representative from school district office,
501,1.56344E+13,Did not reply,Did not reply,Representative from school district office,
502,1.56345E+13,Did not reply,Did not reply,Representative from school district office,
503,1.56346E+13,Did not reply,Did not reply,Representative from school district office,
504,1.56348E+13,Did not reply,Did not reply,Representative from school district office,
505,1.56349E+13,Did not reply,Did not reply,Representative from school district office,
506,1.5635E+13,Did not reply,Did not reply,Representative from school district office,
507,1.56355E+13,Did not reply,Did not reply,Representative from school district office,
508,1.56356E+13,Did not reply,Did not reply,Representative from school district office,
509,1.56358E+13,Did not reply,Did not reply,Representative from school district office,
510,1.56359E+13,Did not reply,Did not reply,Representative from school district office,
511,1.56359E+13,Did not reply,Did not reply,Representative from school district office,
512,1.56363E+13,Did not reply,Did not reply,Representative from school district office,
513,1.56365E+13,Did not reply,Did not reply,Representative from school district office,
514,1.56367E+13,Did not reply,Did not reply,Representative from school district office,
515,1.56368E+13,Did not reply,Did not reply,Representative from school district office,
516,1.56369E+13,Did not reply,Did not reply,Representative from school district office,
517,1.56369E+13,Did not reply,Did not reply,Representative from school district office,
518,1.56372E+13,Did not reply,Did not reply,Representative from school district office,
519,1.56377E+13,Did not reply,Did not reply,Representative from school district office,
520,1.56378E+13,Did not reply,Did not reply,Representative from school district office,
521,1.56378E+13,Did not reply,Did not reply,Representative from school district office,
522,1.56379E+13,Did not reply,Did not reply,Representative from school district office,
523,1.5638E+13,Did not reply,Did not reply,Representative from school district office,
524,1.56382E+13,Did not reply,Did not reply,Representative from school district office,
525,1.56383E+13,Did not reply,Did not reply,Representative from school district office,
526,1.56383E+13,Did not reply,Did not reply,Representative from school district office,
527,1.57374E+13,Did not reply,Did not reply,Representative from school district office,
528,1.57391E+13,Did not reply,Did not reply,Representative from school district office,
529,1.57517E+13,Did not reply,Did not reply,Representative from school district office,
530,1.66388E+13,Did not reply,Did not reply,Representative from school district office,
531,1.66388E+13,Did not reply,Did not reply,Representative from school district office,
532,1.66389E+13,Did not reply,Did not reply,Representative from school district office,
533,1.66392E+13,Did not reply,Did not reply,Representative from school district office,
534,1.66393E+13,Did not reply,Did not reply,Representative from school district office,
535,1.66396E+13,Did not reply,Did not reply,Representative from school district office,
536,1.66397E+13,Did not reply,Did not reply,Representative from school district office,
537,1.66397E+13,Did not reply,Did not reply,Representative from school district office,
538,1.66399E+13,Did not reply,Did not reply,Representative from school district office,
539,1.76401E+13,Did not reply,Did not reply,Representative from school district office,
540,1.76402E+13,Did not reply,Did not reply,Representative from school district office,
541,1.76406E+13,Did not reply,Did not reply,Representative from school district office,
542,1.77698E+13,Did not reply,Did not reply,Representative from school district office,
543,1.86409E+13,Did not reply,Did not reply,Representative from school district office,
544,1.86411E+13,Did not reply,Did not reply,Representative from school district office,
545,1.86411E+13,Did not reply,Did not reply,Representative from school district office,
546,1.86414E+13,Did not reply,Did not reply,Representative from school district office,
547,1.86417E+13,Did not reply,Did not reply,Representative from school district office,
548,1.86419E+13,Did not reply,Did not reply,Representative from school district office,
549,1.8642E+13,Did not reply,Did not reply,Representative from school district office,
550,1.87504E+13,Did not reply,Did not reply,Representative from school district office,
551,1.96425E+13,Did not reply,Did not reply,Representative from school district office,
552,1.96426E+13,Did not reply,Did not reply,Representative from school district office,
553,1.96429E+13,Did not reply,Did not reply,Representative from school district office,
554,1.96433E+13,Did not reply,Did not reply,Representative from school district office,
555,1.96435E+13,Did not reply,Did not reply,Representative from school district office,
556,1.96438E+13,Did not reply,Did not reply,Representative from school district office,
557,1.96445E+13,Did not reply,Did not reply,Representative from school district office,
558,1.96447E+13,Did not reply,Did not reply,Representative from school district office,
559,1.96448E+13,Did not reply,Did not reply,Representative from school district office,
560,1.9645E+13,Did not reply,Did not reply,Representative from school district office,
561,1.96459E+13,Did not reply,Did not reply,Representative from school district office,
562,1.96463E+13,Did not reply,Did not reply,Representative from school district office,
563,1.96467E+13,Did not reply,Did not reply,Representative from school district office,
564,1.96468E+13,Did not reply,Did not reply,Representative from school district office,
565,1.96471E+13,Did not reply,Did not reply,Representative from school district office,
566,1.96472E+13,Did not reply,Did not reply,Representative from school district office,
567,1.96476E+13,Did not reply,Did not reply,Representative from school district office,
568,1.96477E+13,Did not reply,Did not reply,Representative from school district office,
569,1.96477E+13,Did not reply,Did not reply,Representative from school district office,
570,1.96481E+13,Did not reply,Did not reply,Representative from school district office,
571,1.96482E+13,Did not reply,Did not reply,Representative from school district office,
572,1.96486E+13,Did not reply,Did not reply,Representative from school district office,
573,1.96487E+13,Did not reply,Did not reply,Representative from school district office,
574,1.96487E+13,Did not reply,Did not reply,Representative from school district office,
575,1.96491E+13,Did not reply,Did not reply,Representative from school district office,
576,1.965E+13,Did not reply,Did not reply,Representative from school district office,
577,1.96503E+13,Did not reply,Did not reply,Representative from school district office,
578,1.96505E+13,Did not reply,Did not reply,Representative from school district office,
579,1.96505E+13,Did not reply,Did not reply,Representative from school district office,
580,1.96508E+13,Did not reply,Did not reply,Representative from school district office,
581,1.96509E+13,Did not reply,Did not reply,Representative from school district office,
582,1.96511E+13,Did not reply,Did not reply,Representative from school district office,
583,1.97344E+13,Did not reply,Did not reply,Representative from school district office,
584,1.97345E+13,Did not reply,Did not reply,Representative from school district office,
585,1.97346E+13,Did not reply,Did not reply,Representative from school district office,
586,1.97529E+13,Did not reply,Did not reply,Representative from school district office,
587,1.97531E+13,Did not reply,Did not reply,Representative from school district office,
588,1.97534E+13,Did not reply,Did not reply,Representative from school district office,
589,1.97687E+13,Did not reply,Did not reply,Representative from school district office,
590,2.06518E+13,Did not reply,Did not reply,Representative from school district office,
591,2.06519E+13,Did not reply,Did not reply,Representative from school district office,
592,2.06519E+13,Did not reply,Did not reply,Representative from school district office,
593,2.0652E+13,Did not reply,Did not reply,Representative from school district office,
594,2.06524E+13,Did not reply,Did not reply,Representative from school district office,
595,2.06528E+13,Did not reply,Did not reply,Representative from school district office,
596,2.07558E+13,Did not reply,Did not reply,Representative from school district office,
597,2.07561E+13,Did not reply,Did not reply,Representative from school district office,
598,2.16534E+13,Did not reply,Did not reply,Representative from school district office,
599,2.16538E+13,Did not reply,Did not reply,Representative from school district office,
600,2.16541E+13,Did not reply,Did not reply,Representative from school district office,
601,2.16542E+13,Did not reply,Did not reply,Representative from school district office,
602,2.17336E+13,Did not reply,Did not reply,Representative from school district office,
603,2.26553E+13,Did not reply,Did not reply,Representative from school district office,
604,2.36558E+13,Did not reply,Did not reply,Representative from school district office,
605,2.3656E+13,Did not reply,Did not reply,Representative from school district office,
606,2.36561E+13,Did not reply,Did not reply,Representative from school district office,
607,2.36562E+13,Did not reply,Did not reply,Representative from school district office,
608,2.36562E+13,Did not reply,Did not reply,Representative from school district office,
609,2.37387E+13,Did not reply,Did not reply,Representative from school district office,
610,2.37522E+13,Did not reply,Did not reply,Representative from school district office,
611,2.46563E+13,Did not reply,Did not reply,Representative from school district office,
612,2.46565E+13,Did not reply,Did not reply,Representative from school district office,
613,2.46568E+13,Did not reply,Did not reply,Representative from school district office,
614,2.4657E+13,Did not reply,Did not reply,Representative from school district office,
615,2.46572E+13,Did not reply,Did not reply,Representative from school district office,
616,2.46575E+13,Did not reply,Did not reply,Representative from school district office,
617,2.46576E+13,Did not reply,Did not reply,Representative from school district office,
618,2.46576E+13,Did not reply,Did not reply,Representative from school district office,
619,2.46577E+13,Did not reply,Did not reply,Representative from school district office,
620,2.46581E+13,Did not reply,Did not reply,Representative from school district office,
621,2.46582E+13,Did not reply,Did not reply,Representative from school district office,
622,2.46584E+13,Did not reply,Did not reply,Representative from school district office,
623,2.46586E+13,Did not reply,Did not reply,Representative from school district office,
624,2.46587E+13,Did not reply,Did not reply,Representative from school district office,
625,2.47532E+13,Did not reply,Did not reply,Representative from school district office,
626,2.5659E+13,Did not reply,Did not reply,Representative from school district office,
627,2.57359E+13,Did not reply,Did not reply,Representative from school district office,
628,2.57359E+13,Did not reply,Did not reply,Representative from school district office,
629,2.67367E+13,Did not reply,Did not reply,Representative from school district office,
630,2.76599E+13,Did not reply,Did not reply,Representative from school district office,
631,2.766E+13,Did not reply,Did not reply,Representative from school district office,
632,2.76603E+13,Did not reply,Did not reply,Representative from school district office,
633,2.76604E+13,Did not reply,Did not reply,Representative from school district office,
634,2.76605E+13,Did not reply,Did not reply,Representative from school district office,
635,2.76607E+13,Did not reply,Did not reply,Representative from school district office,
636,2.76608E+13,Did not reply,Did not reply,Representative from school district office,
637,2.76608E+13,Did not reply,Did not reply,Representative from school district office,
638,2.76609E+13,Did not reply,Did not reply,Representative from school district office,
639,2.76613E+13,Did not reply,Did not reply,Representative from school district office,
640,2.76616E+13,Did not reply,Did not reply,Representative from school district office,
641,2.76617E+13,Did not reply,Did not reply,Representative from school district office,
642,2.76618E+13,Did not reply,Did not reply,Representative from school district office,
643,2.76618E+13,Did not reply,Did not reply,Representative from school district office,
644,2.76623E+13,Did not reply,Did not reply,Representative from school district office,
645,2.77383E+13,Did not reply,Did not reply,Representative from school district office,
646,2.77515E+13,Did not reply,Did not reply,Representative from school district office,
647,2.77547E+13,Did not reply,Did not reply,Representative from school district office,
648,2.86624E+13,Did not reply,Did not reply,Representative from school district office,
649,2.86626E+13,Did not reply,Did not reply,Representative from school district office,
650,2.86627E+13,Did not reply,Did not reply,Representative from school district office,
651,2.96632E+13,Did not reply,Did not reply,Representative from school district office,
652,2.96632E+13,Did not reply,Did not reply,Representative from school district office,
653,2.96633E+13,Did not reply,Did not reply,Representative from school district office,
654,2.96634E+13,Did not reply,Did not reply,Representative from school district office,
655,2.96636E+13,Did not reply,Did not reply,Representative from school district office,
656,2.96637E+13,Did not reply,Did not reply,Representative from school district office,
657,2.96642E+13,Did not reply,Did not reply,Representative from school district office,
658,3.06645E+13,Did not reply,Did not reply,Representative from school district office,
659,3.06646E+13,Did not reply,Did not reply,Representative from school district office,
660,3.0665E+13,Did not reply,Did not reply,Representative from school district office,
661,3.06651E+13,Did not reply,Did not reply,Representative from school district office,
662,3.06655E+13,Did not reply,Did not reply,Representative from school district office,
663,3.06656E+13,Did not reply,Did not reply,Representative from school district office,
664,3.06659E+13,Did not reply,Did not reply,Representative from school district office,
665,3.0666E+13,Did not reply,Did not reply,Representative from school district office,
666,3.06665E+13,Did not reply,Did not reply,Representative from school district office,
667,3.0667E+13,Did not reply,Did not reply,Representative from school district office,
668,3.06675E+13,Did not reply,Did not reply,Representative from school district office,
669,3.07364E+13,Did not reply,Did not reply,Representative from school district office,
670,3.07392E+13,Did not reply,Did not reply,Representative from school district office,
671,3.16676E+13,Did not reply,Did not reply,Representative from school district office,
672,3.16678E+13,Did not reply,Did not reply,Representative from school district office,
673,3.16683E+13,Did not reply,Did not reply,Representative from school district office,
674,3.16685E+13,Did not reply,Did not reply,Representative from school district office,
675,3.16689E+13,Did not reply,Did not reply,Representative from school district office,
676,3.16694E+13,Did not reply,Did not reply,Representative from school district office,
677,3.17509E+13,Did not reply,Did not reply,Representative from school district office,
678,3.26697E+13,Did not reply,Did not reply,Representative from school district office,
679,3.36699E+13,Did not reply,Did not reply,Representative from school district office,
680,3.36699E+13,Did not reply,Did not reply,Representative from school district office,
681,3.36708E+13,Did not reply,Did not reply,Representative from school district office,
682,3.36709E+13,Did not reply,Did not reply,Representative from school district office,
683,3.36712E+13,Did not reply,Did not reply,Representative from school district office,
684,3.36718E+13,Did not reply,Did not reply,Representative from school district office,
685,3.3672E+13,Did not reply,Did not reply,Representative from school district office,
686,3.36721E+13,Did not reply,Did not reply,Representative from school district office,
687,3.36725E+13,Did not reply,Did not reply,Representative from school district office,
688,3.37368E+13,Did not reply,Did not reply,Representative from school district office,
689,3.37518E+13,Did not reply,Did not reply,Representative from school district office,
690,3.3752E+13,Did not reply,Did not reply,Representative from school district office,
691,3.37524E+13,Did not reply,Did not reply,Representative from school district office,
692,3.46728E+13,Did not reply,Did not reply,Representative from school district office,
693,3.46735E+13,Did not reply,Did not reply,Representative from school district office,
694,3.46736E+13,Did not reply,Did not reply,Representative from school district office,
695,3.46742E+13,Did not reply,Did not reply,Representative from school district office,
696,3.47397E+13,Did not reply,Did not reply,Representative from school district office,
697,3.56745E+13,Did not reply,Did not reply,Representative from school district office,
698,3.56746E+13,Did not reply,Did not reply,Representative from school district office,
699,3.56747E+13,Did not reply,Did not reply,Representative from school district office,
700,3.5675E+13,Did not reply,Did not reply,Representative from school district office,
701,3.56752E+13,Did not reply,Did not reply,Representative from school district office,
702,3.56754E+13,Did not reply,Did not reply,Representative from school district office,
703,3.56755E+13,Did not reply,Did not reply,Representative from school district office,
704,3.56756E+13,Did not reply,Did not reply,Representative from school district office,
705,3.56758E+13,Did not reply,Did not reply,Representative from school district office,
706,3.57526E+13,Did not reply,Did not reply,Representative from school district office,
707,3.66759E+13,Did not reply,Did not reply,Representative from school district office,
708,3.66761E+13,Did not reply,Did not reply,Representative from school district office,
709,3.66765E+13,Did not reply,Did not reply,Representative from school district office,
710,3.66765E+13,Did not reply,Did not reply,Representative from school district office,
711,3.66769E+13,Did not reply,Did not reply,Representative from school district office,
712,3.66769E+13,Did not reply,Did not reply,Representative from school district office,
713,3.66774E+13,Did not reply,Did not reply,Representative from school district office,
714,3.66778E+13,Did not reply,Did not reply,Representative from school district office,
715,3.66779E+13,Did not reply,Did not reply,Representative from school district office,
716,3.66779E+13,Did not reply,Did not reply,Representative from school district office,
717,3.6678E+13,Did not reply,Did not reply,Representative from school district office,
718,3.66782E+13,Did not reply,Did not reply,Representative from school district office,
719,3.66784E+13,Did not reply,Did not reply,Representative from school district office,
720,3.66785E+13,Did not reply,Did not reply,Representative from school district office,
721,3.66792E+13,Did not reply,Did not reply,Representative from school district office,
722,3.66793E+13,Did not reply,Did not reply,Representative from school district office,
723,3.67396E+13,Did not reply,Did not reply,Representative from school district office,
724,3.67507E+13,Did not reply,Did not reply,Representative from school district office,
725,3.76797E+13,Did not reply,Did not reply,Representative from school district office,
726,3.76798E+13,Did not reply,Did not reply,Representative from school district office,
727,3.76803E+13,Did not reply,Did not reply,Representative from school district office,
728,3.76805E+13,Did not reply,Did not reply,Representative from school district office,
729,3.76806E+13,Did not reply,Did not reply,Representative from school district office,
730,3.7681E+13,Did not reply,Did not reply,Representative from school district office,
731,3.76816E+13,Did not reply,Did not reply,Representative from school district office,
732,3.76817E+13,Did not reply,Did not reply,Representative from school district office,
733,3.76822E+13,Did not reply,Did not reply,Representative from school district office,
734,3.76838E+13,Did not reply,Did not reply,Representative from school district office,
735,3.7684E+13,Did not reply,Did not reply,Representative from school district office,
736,3.77685E+13,Did not reply,Did not reply,Representative from school district office,
737,3.96849E+13,Did not reply,Did not reply,Representative from school district office,
738,3.9685E+13,Did not reply,Did not reply,Representative from school district office,
739,3.96857E+13,Did not reply,Did not reply,Representative from school district office,
740,3.96859E+13,Did not reply,Did not reply,Representative from school district office,
741,3.96862E+13,Did not reply,Did not reply,Representative from school district office,
742,3.96863E+13,Did not reply,Did not reply,Representative from school district office,
743,3.96864E+13,Did not reply,Did not reply,Representative from school district office,
744,3.96865E+13,Did not reply,Did not reply,Representative from school district office,
745,3.9755E+13,Did not reply,Did not reply,Representative from school district office,
746,3.97676E+13,Did not reply,Did not reply,Representative from school district office,
747,4.0687E+13,Did not reply,Did not reply,Representative from school district office,
748,4.06873E+13,Did not reply,Did not reply,Representative from school district office,
749,4.06876E+13,Did not reply,Did not reply,Representative from school district office,
750,4.06879E+13,Did not reply,Did not reply,Representative from school district office,
751,4.06881E+13,Did not reply,Did not reply,Representative from school district office,
752,4.06883E+13,Did not reply,Did not reply,Representative from school district office,
753,4.06884E+13,Did not reply,Did not reply,Representative from school district office,
754,4.07547E+13,Did not reply,Did not reply,Representative from school district office,
755,4.16888E+13,Did not reply,Did not reply,Representative from school district office,
756,4.16892E+13,Did not reply,Did not reply,Representative from school district office,
757,4.16893E+13,Did not reply,Did not reply,Representative from school district office,
758,4.16894E+13,Did not reply,Did not reply,Representative from school district office,
759,4.16897E+13,Did not reply,Did not reply,Representative from school district office,
760,4.16898E+13,Did not reply,Did not reply,Representative from school district office,
761,4.16904E+13,Did not reply,Did not reply,Representative from school district office,
762,4.16906E+13,Did not reply,Did not reply,Representative from school district office,
763,4.16909E+13,Did not reply,Did not reply,Representative from school district office,
764,4.2691E+13,Did not reply,Did not reply,Representative from school district office,
765,4.26914E+13,Did not reply,Did not reply,Representative from school district office,
766,4.26915E+13,Did not reply,Did not reply,Representative from school district office,
767,4.26916E+13,Did not reply,Did not reply,Representative from school district office,
768,4.26918E+13,Did not reply,Did not reply,Representative from school district office,
769,4.26925E+13,Did not reply,Did not reply,Representative from school district office,
770,4.26933E+13,Did not reply,Did not reply,Representative from school district office,
771,4.36938E+13,Did not reply,Did not reply,Representative from school district office,
772,4.36939E+13,Did not reply,Did not reply,Representative from school district office,
773,4.36944E+13,Did not reply,Did not reply,Representative from school district office,
774,4.36945E+13,Did not reply,Did not reply,Representative from school district office,
775,4.36948E+13,Did not reply,Did not reply,Representative from school district office,
776,4.36953E+13,Did not reply,Did not reply,Representative from school district office,
777,4.36958E+13,Did not reply,Did not reply,Representative from school district office,
778,4.36959E+13,Did not reply,Did not reply,Representative from school district office,
779,4.36961E+13,Did not reply,Did not reply,Representative from school district office,
780,4.36963E+13,Did not reply,Did not reply,Representative from school district office,
781,4.36963E+13,Did not reply,Did not reply,Representative from school district office,
782,4.36971E+13,Did not reply,Did not reply,Representative from school district office,
783,4.46976E+13,Did not reply,Did not reply,Representative from school district office,
784,4.46977E+13,Did not reply,Did not reply,Representative from school district office,
785,4.46977E+13,Did not reply,Did not reply,Representative from school district office,
786,4.46985E+13,Did not reply,Did not reply,Representative from school district office,
787,4.47543E+13,Did not reply,Did not reply,Representative from school district office,
788,4.56986E+13,Did not reply,Did not reply,Representative from school district office,
789,4.56987E+13,Did not reply,Did not reply,Representative from school district office,
790,4.56988E+13,Did not reply,Did not reply,Representative from school district office,
791,4.56991E+13,Did not reply,Did not reply,Representative from school district office,
792,4.56992E+13,Did not reply,Did not reply,Representative from school district office,
793,4.56995E+13,Did not reply,Did not reply,Representative from school district office,
794,4.56996E+13,Did not reply,Did not reply,Representative from school district office,
795,4.57E+13,Did not reply,Did not reply,Representative from school district office,
796,4.57001E+13,Did not reply,Did not reply,Representative from school district office,
797,4.57003E+13,Did not reply,Did not reply,Representative from school district office,
798,4.57004E+13,Did not reply,Did not reply,Representative from school district office,
799,4.57005E+13,Did not reply,Did not reply,Representative from school district office,
800,4.57008E+13,Did not reply,Did not reply,Representative from school district office,
801,4.57009E+13,Did not reply,Did not reply,Representative from school district office,
802,4.57009E+13,Did not reply,Did not reply,Representative from school district office,
803,4.57011E+13,Did not reply,Did not reply,Representative from school district office,
804,4.57013E+13,Did not reply,Did not reply,Representative from school district office,
805,4.57017E+13,Did not reply,Did not reply,Representative from school district office,
806,4.5737E+13,Did not reply,Did not reply,Representative from school district office,
807,4.57527E+13,Did not reply,Did not reply,Representative from school district office,
808,4.67018E+13,Did not reply,Did not reply,Representative from school district office,
809,4.77019E+13,Did not reply,Did not reply,Representative from school district office,
810,4.77019E+13,Did not reply,Did not reply,Representative from school district office,
811,4.7702E+13,Did not reply,Did not reply,Representative from school district office,
812,4.77023E+13,Did not reply,Did not reply,Representative from school district office,
813,4.77024E+13,Did not reply,Did not reply,Representative from school district office,
814,4.77025E+13,Did not reply,Did not reply,Representative from school district office,
815,4.77029E+13,Did not reply,Did not reply,Representative from school district office,
816,4.77032E+13,Did not reply,Did not reply,Representative from school district office,
817,4.77033E+13,Did not reply,Did not reply,Representative from school district office,
818,4.77033E+13,Did not reply,Did not reply,Representative from school district office,
819,4.77037E+13,Did not reply,Did not reply,Representative from school district office,
820,4.77038E+13,Did not reply,Did not reply,Representative from school district office,
821,4.77038E+13,Did not reply,Did not reply,Representative from school district office,
822,4.77041E+13,Did not reply,Did not reply,Representative from school district office,
823,4.77042E+13,Did not reply,Did not reply,Representative from school district office,
824,4.77046E+13,Did not reply,Did not reply,Representative from school district office,
825,4.77047E+13,Did not reply,Did not reply,Representative from school district office,
826,4.77048E+13,Did not reply,Did not reply,Representative from school district office,
827,4.77049E+13,Did not reply,Did not reply,Representative from school district office,
828,4.77368E+13,Did not reply,Did not reply,Representative from school district office,
829,4.77646E+13,Did not reply,Did not reply,Representative from school district office,
830,4.87053E+13,Did not reply,Did not reply,Representative from school district office,
831,4.87057E+13,Did not reply,Did not reply,Representative from school district office,
832,4.97061E+13,Did not reply,Did not reply,Representative from school district office,
833,4.97065E+13,Did not reply,Did not reply,Representative from school district office,
834,4.97067E+13,Did not reply,Did not reply,Representative from school district office,
835,4.97068E+13,Did not reply,Did not reply,Representative from school district office,
836,4.97072E+13,Did not reply,Did not reply,Representative from school district office,
837,4.97081E+13,Did not reply,Did not reply,Representative from school district office,
838,4.97084E+13,Did not reply,Did not reply,Representative from school district office,
839,4.97085E+13,Did not reply,Did not reply,Representative from school district office,
840,4.97087E+13,Did not reply,Did not reply,Representative from school district office,
841,4.97089E+13,Did not reply,Did not reply,Representative from school district office,
842,4.971E+13,Did not reply,Did not reply,Representative from school district office,
843,4.97104E+13,Did not reply,Did not reply,Representative from school district office,
844,4.97539E+13,Did not reply,Did not reply,Representative from school district office,
845,5.07104E+13,Did not reply,Did not reply,Representative from school district office,
846,5.07105E+13,Did not reply,Did not reply,Representative from school district office,
847,5.07108E+13,Did not reply,Did not reply,Representative from school district office,
848,5.07108E+13,Did not reply,Did not reply,Representative from school district office,
849,5.07109E+13,Did not reply,Did not reply,Representative from school district office,
850,5.07114E+13,Did not reply,Did not reply,Representative from school district office,
851,5.07117E+13,Did not reply,Did not reply,Representative from school district office,
852,5.07118E+13,Did not reply,Did not reply,Representative from school district office,
853,5.07121E+13,Did not reply,Did not reply,Representative from school district office,
854,5.07122E+13,Did not reply,Did not reply,Representative from school district office,
855,5.07123E+13,Did not reply,Did not reply,Representative from school district office,
856,5.07127E+13,Did not reply,Did not reply,Representative from school district office,
857,5.07127E+13,Did not reply,Did not reply,Representative from school district office,
858,5.07129E+13,Did not reply,Did not reply,Representative from school district office,
859,5.07132E+13,Did not reply,Did not reply,Representative from school district office,
860,5.0736E+13,Did not reply,Did not reply,Representative from school district office,
861,5.07555E+13,Did not reply,Did not reply,Representative from school district office,
862,5.07556E+13,Did not reply,Did not reply,Representative from school district office,
863,5.07556E+13,Did not reply,Did not reply,Representative from school district office,
864,5.17136E+13,Did not reply,Did not reply,Representative from school district office,
865,5.17137E+13,Did not reply,Did not reply,Representative from school district office,
866,5.17137E+13,Did not reply,Did not reply,Representative from school district office,
867,5.17138E+13,Did not reply,Did not reply,Representative from school district office,
868,5.17141E+13,Did not reply,Did not reply,Representative from school district office,
869,5.17143E+13,Did not reply,Did not reply,Representative from school district office,
870,5.17145E+13,Did not reply,Did not reply,Representative from school district office,
871,5.17146E+13,Did not reply,Did not reply,Representative from school district office,
872,5.27147E+13,Did not reply,Did not reply,Representative from school district office,
873,5.2715E+13,Did not reply,Did not reply,Representative from school district office,
874,5.27151E+13,Did not reply,Did not reply,Representative from school district office,
875,5.27152E+13,Did not reply,Did not reply,Representative from school district office,
876,5.27153E+13,Did not reply,Did not reply,Representative from school district office,
877,5.27156E+13,Did not reply,Did not reply,Representative from school district office,
878,5.27157E+13,Did not reply,Did not reply,Representative from school district office,
879,5.27162E+13,Did not reply,Did not reply,Representative from school district office,
880,5.27164E+13,Did not reply,Did not reply,Representative from school district office,
881,5.27165E+13,Did not reply,Did not reply,Representative from school district office,
882,5.27165E+13,Did not reply,Did not reply,Representative from school district office,
883,5.37166E+13,Did not reply,Did not reply,Representative from school district office,
884,5.37167E+13,Did not reply,Did not reply,Representative from school district office,
885,5.3717E+13,Did not reply,Did not reply,Representative from school district office,
886,5.37174E+13,Did not reply,Did not reply,Representative from school district office,
887,5.37176E+13,Did not reply,Did not reply,Representative from school district office,
888,5.37503E+13,Did not reply,Did not reply,Representative from school district office,
889,5.37651E+13,Did not reply,Did not reply,Representative from school district office,
890,5.4718E+13,Did not reply,Did not reply,Representative from school district office,
891,5.4718E+13,Did not reply,Did not reply,Representative from school district office,
892,5.47181E+13,Did not reply,Did not reply,Representative from school district office,
893,5.47183E+13,Did not reply,Did not reply,Representative from school district office,
894,5.47184E+13,Did not reply,Did not reply,Representative from school district office,
895,5.47185E+13,Did not reply,Did not reply,Representative from school district office,
896,5.47186E+13,Did not reply,Did not reply,Representative from school district office,
897,5.47189E+13,Did not reply,Did not reply,Representative from school district office,
898,5.4719E+13,Did not reply,Did not reply,Representative from school district office,
899,5.47195E+13,Did not reply,Did not reply,Representative from school district office,
900,5.47199E+13,Did not reply,Did not reply,Representative from school district office,
901,5.47199E+13,Did not reply,Did not reply,Representative from school district office,
902,5.47202E+13,Did not reply,Did not reply,Representative from school district office,
903,5.47203E+13,Did not reply,Did not reply,Representative from school district office,
904,5.47203E+13,Did not reply,Did not reply,Representative from school district office,
905,5.47204E+13,Did not reply,Did not reply,Representative from school district office,
906,5.47206E+13,Did not reply,Did not reply,Representative from school district office,
907,5.47209E+13,Did not reply,Did not reply,Representative from school district office,
908,5.47211E+13,Did not reply,Did not reply,Representative from school district office,
909,5.47212E+13,Did not reply,Did not reply,Representative from school district office,
910,5.47213E+13,Did not reply,Did not reply,Representative from school district office,
911,5.47214E+13,Did not reply,Did not reply,Representative from school district office,
912,5.47216E+13,Did not reply,Did not reply,Representative from school district office,
913,5.47217E+13,Did not reply,Did not reply,Representative from school district office,
914,5.47218E+13,Did not reply,Did not reply,Representative from school district office,
915,5.47221E+13,Did not reply,Did not reply,Representative from school district office,
916,5.47222E+13,Did not reply,Did not reply,Representative from school district office,
917,5.47223E+13,Did not reply,Did not reply,Representative from school district office,
918,5.47225E+13,Did not reply,Did not reply,Representative from school district office,
919,5.47226E+13,Did not reply,Did not reply,Representative from school district office,
920,5.4723E+13,Did not reply,Did not reply,Representative from school district office,
921,5.47533E+13,Did not reply,Did not reply,Representative from school district office,
922,5.47552E+13,Did not reply,Did not reply,Representative from school district office,
923,5.47553E+13,Did not reply,Did not reply,Representative from school district office,
924,5.47679E+13,Did not reply,Did not reply,Representative from school district office,
925,5.47684E+13,Did not reply,Did not reply,Representative from school district office,
926,5.57231E+13,Did not reply,Did not reply,Representative from school district office,
927,5.57236E+13,Did not reply,Did not reply,Representative from school district office,
928,5.57237E+13,Did not reply,Did not reply,Representative from school district office,
929,5.57239E+13,Did not reply,Did not reply,Representative from school district office,
930,5.57241E+13,Did not reply,Did not reply,Representative from school district office,
931,5.57242E+13,Did not reply,Did not reply,Representative from school district office,
932,5.57518E+13,Did not reply,Did not reply,Representative from school district office,
933,5.67245E+13,Did not reply,Did not reply,Representative from school district office,
934,5.67245E+13,Did not reply,Did not reply,Representative from school district office,
935,5.67246E+13,Did not reply,Did not reply,Representative from school district office,
936,5.67247E+13,Did not reply,Did not reply,Representative from school district office,
937,5.6725E+13,Did not reply,Did not reply,Representative from school district office,
938,5.67251E+13,Did not reply,Did not reply,Representative from school district office,
939,5.67254E+13,Did not reply,Did not reply,Representative from school district office,
940,5.67255E+13,Did not reply,Did not reply,Representative from school district office,
941,5.6726E+13,Did not reply,Did not reply,Representative from school district office,
942,5.67376E+13,Did not reply,Did not reply,Representative from school district office,
943,5.67387E+13,Did not reply,Did not reply,Representative from school district office,
944,5.67394E+13,Did not reply,Did not reply,Representative from school district office,
945,5.67683E+13,Did not reply,Did not reply,Representative from school district office,
946,5.77269E+13,Did not reply,Did not reply,Representative from school district office,
947,5.77269E+13,Did not reply,Did not reply,Representative from school district office,
948,5.7727E+13,Did not reply,Did not reply,Representative from school district office,
949,5.87273E+13,Did not reply,Did not reply,Representative from school district office,
950,5.87274E+13,Did not reply,Did not reply,Representative from school district office,
951,5.87274E+13,Did not reply,Did not reply,Representative from school district office,
952,5.87275E+13,Did not reply,Did not reply,Representative from school district office,